{"cameraMode":{"drawMode":0,"name":"Shaded","section":"Shading Mode"},"sceneLighting":true,"audioPlay":false,"sceneViewState":{"m_AlwaysRefresh":false,"showFog":true,"showSkybox":true,"showFlares":true,"showImageEffects":true,"showParticleSystems":true,"showVisualEffectGraphs":true,"m_FxEnabled":true},"in2DMode":false,"pivot":{"x":0.035710811614990237,"y":0.9853687286376953,"z":2.3769779205322267},"rotation":{"x":0.1355494111776352,"y":0.8183849453926086,"z":-0.2148323655128479,"w":0.5156751871109009},"size":2.36061429977417,"orthographic":false}